Index,Score,Exploration,Rolling avg score
0,0.0,0.5,0.0
1,0.0,0.5,0.0
2,-1.0,0.5,-0.3333333333333333
3,-1.0,0.5,-0.5
4,-1.0,0.5,-0.6
5,1.0,0.5,-0.3333333333333333
6,-1.0,0.5,-0.42857142857142855
7,1.0,0.5,-0.25
8,0.0,0.5,-0.2222222222222222
9,-6.0,0.5,-0.8
10,0.0,0.5,-0.7272727272727273
11,1.0,0.5,-0.5833333333333334
12,0.0,0.5,-0.5384615384615384
13,1.0,0.5,-0.42857142857142855
14,0.0,0.5,-0.4
15,0.0,0.5,-0.375
16,-1.0,0.5,-0.4117647058823529
17,-3.0,0.5,-0.5555555555555556
18,0.0,0.5,-0.5263157894736842
19,0.0,0.5,-0.5
20,-2.0,0.5,-0.5714285714285714
21,5.0,0.5,-0.3181818181818182
22,0.0,0.5,-0.30434782608695654
23,1.0,0.5,-0.25
24,2.0,0.5,-0.16
25,0.0,0.5,-0.15384615384615385
26,1.0,0.5,-0.1111111111111111
27,-1.0,0.5,-0.14285714285714285
28,-3.0,0.5,-0.2413793103448276
29,4.0,0.5,-0.1
30,2.0,0.5,-0.03225806451612903
31,1.0,0.5,0.0
32,1.0,0.5,0.030303030303030304
33,0.0,0.5,0.029411764705882353
34,0.0,0.5,0.02857142857142857
35,3.0,0.5,0.1111111111111111
36,-1.0,0.5,0.08108108108108109
37,1.0,0.5,0.10526315789473684
38,5.0,0.5,0.23076923076923078
39,1.0,0.5,0.25
40,4.0,0.5,0.34146341463414637
41,-2.0,0.5,0.2857142857142857
42,0.0,0.5,0.27906976744186046
43,-1.0,0.5,0.25
44,3.0,0.5,0.3111111111111111
45,2.0,0.5,0.34782608695652173
46,1.0,0.5,0.3617021276595745
47,0.0,0.5,0.3541666666666667
48,0.0,0.5,0.3469387755102041
49,-1.0,0.5,0.32
50,1.0,0.5,0.3333333333333333
51,-1.0,0.25,0.3076923076923077
52,1.0,0.25,0.32075471698113206
53,0.0,0.25,0.3148148148148148
54,2.0,0.25,0.34545454545454546
55,-1.0,0.25,0.32142857142857145
56,2.0,0.25,0.3508771929824561
57,0.0,0.25,0.3448275862068966
58,-1.0,0.25,0.3220338983050847
59,-1.0,0.25,0.3
60,-1.0,0.25,0.2786885245901639
61,3.0,0.25,0.3225806451612903
62,0.0,0.25,0.31746031746031744
63,2.0,0.25,0.34375
64,0.0,0.25,0.3384615384615385
65,0.0,0.25,0.3333333333333333
66,2.0,0.25,0.3582089552238806
67,2.0,0.25,0.38235294117647056
68,0.0,0.25,0.37681159420289856
69,6.0,0.25,0.45714285714285713
70,1.0,0.25,0.4647887323943662
71,1.0,0.25,0.4722222222222222
72,4.0,0.25,0.5205479452054794
73,3.0,0.25,0.5540540540540541
74,2.0,0.25,0.5733333333333334
75,3.0,0.25,0.6052631578947368
76,0.0,0.25,0.5974025974025974
77,1.0,0.25,0.6025641025641025
78,-1.0,0.25,0.5822784810126582
79,2.0,0.25,0.6
80,3.0,0.25,0.6296296296296297
81,4.0,0.25,0.6707317073170732
82,4.0,0.25,0.7108433734939759
83,3.0,0.25,0.7380952380952381
84,3.0,0.25,0.7647058823529411
85,4.0,0.25,0.8023255813953488
86,7.0,0.25,0.8735632183908046
87,5.0,0.25,0.9204545454545454
88,6.0,0.25,0.9775280898876404
89,2.0,0.25,0.9888888888888889
90,8.0,0.25,1.065934065934066
91,2.0,0.25,1.076086956521739
92,8.0,0.25,1.1505376344086022
93,2.0,0.25,1.1595744680851063
94,6.0,0.25,1.2105263157894737
95,3.0,0.25,1.2291666666666667
96,2.0,0.25,1.2371134020618557
97,2.0,0.25,1.2448979591836735
98,3.0,0.25,1.2626262626262625
99,4.0,0.25,1.29
100,10.0,0.25,1.39
101,7.0,0.1,1.46
102,8.0,0.1,1.55
103,11.0,0.1,1.67
104,9.0,0.1,1.77
105,6.0,0.1,1.82
106,1.0,0.1,1.84
107,10.0,0.1,1.93
108,8.0,0.1,2.01
109,2.0,0.1,2.09
110,9.0,0.1,2.18
111,3.0,0.1,2.2
112,4.0,0.1,2.24
113,8.0,0.1,2.31
114,6.0,0.1,2.37
115,10.0,0.1,2.47
116,4.0,0.1,2.52
117,8.0,0.1,2.63
118,8.0,0.1,2.71
119,7.0,0.1,2.78
120,7.0,0.1,2.87
121,5.0,0.1,2.87
122,10.0,0.1,2.97
123,1.0,0.1,2.97
124,5.0,0.1,3.0
125,12.0,0.1,3.12
126,1.0,0.1,3.12
127,6.0,0.1,3.19
128,9.0,0.1,3.31
129,4.0,0.1,3.31
130,5.0,0.1,3.34
131,9.0,0.1,3.42
132,13.0,0.1,3.54
133,15.0,0.1,3.69
134,13.0,0.1,3.82
135,8.0,0.1,3.87
136,1.0,0.1,3.89
137,0.0,0.1,3.88
138,4.0,0.1,3.87
139,10.0,0.1,3.96
140,10.0,0.1,4.02
141,8.0,0.1,4.12
142,8.0,0.1,4.2
143,7.0,0.1,4.28
144,7.0,0.1,4.32
145,5.0,0.1,4.35
146,1.0,0.1,4.35
147,11.0,0.1,4.46
148,11.0,0.1,4.57
149,8.0,0.1,4.66
150,10.0,0.1,4.75
151,8.0,0.0,4.84
152,14.0,0.0,4.97
153,4.0,0.0,5.01
154,2.0,0.0,5.01
155,4.0,0.0,5.06
156,12.0,0.0,5.16
157,6.0,0.0,5.22
158,2.0,0.0,5.25
159,13.0,0.0,5.39
160,2.0,0.0,5.42
161,-1.0,0.0,5.38
162,10.0,0.0,5.48
163,9.0,0.0,5.55
164,8.0,0.0,5.63
165,7.0,0.0,5.7
166,4.0,0.0,5.72
167,3.0,0.0,5.73
168,11.0,0.0,5.84
169,7.0,0.0,5.85
170,8.0,0.0,5.92
171,6.0,0.0,5.97
172,7.0,0.0,6.0
173,10.0,0.0,6.07
174,3.0,0.0,6.08
175,9.0,0.0,6.14
176,11.0,0.0,6.25
177,6.0,0.0,6.3
178,11.0,0.0,6.42
179,5.0,0.0,6.45
180,1.0,0.0,6.43
181,8.0,0.0,6.47
182,12.0,0.0,6.55
183,5.0,0.0,6.57
184,12.0,0.0,6.66
185,5.0,0.0,6.67
186,13.0,0.0,6.73
187,8.0,0.0,6.76
188,6.0,0.0,6.76
189,4.0,0.0,6.78
190,5.0,0.0,6.75
191,8.0,0.0,6.81
192,16.0,0.0,6.89
193,8.0,0.0,6.95
194,16.0,0.0,7.05
195,5.0,0.0,7.07
196,11.0,0.0,7.16
197,5.0,0.0,7.19
198,5.0,0.0,7.21
199,13.0,0.0,7.3
200,8.0,0.0,7.28
201,1.0,0.0,7.22
202,14.0,0.0,7.28
203,5.0,0.0,7.22
204,1.0,0.0,7.14
205,18.0,0.0,7.26
206,3.0,0.0,7.28
207,0.0,0.0,7.18
208,15.0,0.0,7.25
209,11.0,0.0,7.34
210,9.0,0.0,7.34
211,14.0,0.0,7.45
212,2.0,0.0,7.43
213,2.0,0.0,7.37
214,14.0,0.0,7.45
215,13.0,0.0,7.48
216,9.0,0.0,7.53
217,12.0,0.0,7.57
218,7.0,0.0,7.56
219,11.0,0.0,7.6
220,9.0,0.0,7.62
221,7.0,0.0,7.64
222,9.0,0.0,7.63
223,11.0,0.0,7.73
224,15.0,0.0,7.83
225,8.0,0.0,7.79
226,10.0,0.0,7.88
227,11.0,0.0,7.93
228,11.0,0.0,7.95
229,2.0,0.0,7.93
230,10.0,0.0,7.98
231,7.0,0.0,7.96
232,15.0,0.0,7.98
233,6.0,0.0,7.89
234,1.0,0.0,7.77
235,12.0,0.0,7.81
236,3.0,0.0,7.83
237,8.0,0.0,7.91
238,6.0,0.0,7.93
239,5.0,0.0,7.88
240,11.0,0.0,7.89
241,14.0,0.0,7.95
242,10.0,0.0,7.97
243,8.0,0.0,7.98
244,2.0,0.0,7.93
245,10.0,0.0,7.98
246,18.0,0.0,8.15
247,10.0,0.0,8.14
248,14.0,0.0,8.17
249,0.0,0.0,8.09
250,15.0,0.0,8.14
251,15.0,0.0,8.21
252,7.0,0.0,8.14
253,8.0,0.0,8.18
254,4.0,0.0,8.2
255,16.0,0.0,8.32
256,4.0,0.0,8.24
257,14.0,0.0,8.32
258,6.0,0.0,8.36
259,9.0,0.0,8.32
260,4.0,0.0,8.34
261,6.0,0.0,8.41
262,7.0,0.0,8.38
263,0.0,0.0,8.29
264,14.0,0.0,8.35
265,14.0,0.0,8.42
266,13.0,0.0,8.51
267,12.0,0.0,8.6
268,13.0,0.0,8.62
269,9.0,0.0,8.64
270,4.0,0.0,8.6
271,1.0,0.0,8.55
272,15.0,0.0,8.63
273,13.0,0.0,8.66
274,9.0,0.0,8.72
275,12.0,0.0,8.75
276,10.0,0.0,8.74
277,13.0,0.0,8.81
278,14.0,0.0,8.84
279,13.0,0.0,8.92
280,11.0,0.0,9.02
281,6.0,0.0,9.0
282,4.0,0.0,8.92
283,0.0,0.0,8.87
284,13.0,0.0,8.88
285,19.0,0.0,9.02
286,11.0,0.0,9.0
287,15.0,0.0,9.07
288,4.0,0.0,9.05
289,11.0,0.0,9.12
290,12.0,0.0,9.19
291,12.0,0.0,9.23
292,11.0,0.0,9.18
293,0.0,0.0,9.1
294,5.0,0.0,8.99
295,13.0,0.0,9.07
296,19.0,0.0,9.15
297,9.0,0.0,9.19
298,2.0,0.0,9.16
299,18.0,0.0,9.21
300,5.0,0.0,9.18
301,15.0,0.0,9.32
302,4.0,0.0,9.22
303,18.0,0.0,9.35
304,7.0,0.0,9.41
305,9.0,0.0,9.32
306,12.0,0.0,9.41
307,9.0,0.0,9.5
308,13.0,0.0,9.48
309,19.0,0.0,9.56
310,15.0,0.0,9.62
311,19.0,0.0,9.67
312,16.0,0.0,9.81
313,10.0,0.0,9.89
314,15.0,0.0,9.9
315,22.0,0.0,9.99
316,18.0,0.0,10.08
317,14.0,0.0,10.1
318,21.0,0.0,10.24
319,15.0,0.0,10.28
320,20.0,0.0,10.39
321,17.0,0.0,10.49
322,8.0,0.0,10.48
323,18.0,0.0,10.55
324,1.0,0.0,10.41
325,12.0,0.0,10.45
326,7.0,0.0,10.42
327,11.0,0.0,10.42
328,7.0,0.0,10.38
329,4.0,0.0,10.4
330,6.0,0.0,10.36
331,17.0,0.0,10.46
332,11.0,0.0,10.42
333,10.0,0.0,10.46
334,15.0,0.0,10.6
335,10.0,0.0,10.58
336,13.0,0.0,10.68
337,15.0,0.0,10.75
338,11.0,0.0,10.8
339,4.0,0.0,10.79
340,14.0,0.0,10.82
341,16.0,0.0,10.84
342,13.0,0.0,10.87
343,13.0,0.0,10.92
344,10.0,0.0,11.0
345,5.0,0.0,10.95
346,13.0,0.0,10.9
347,2.0,0.0,10.82
348,5.0,0.0,10.73
349,8.0,0.0,10.81
350,13.0,0.0,10.79
351,14.0,0.0,10.78
352,19.0,0.0,10.9
353,15.0,0.0,10.97
354,12.0,0.0,11.05
355,15.0,0.0,11.04
356,9.0,0.0,11.09
357,15.0,0.0,11.1
358,12.0,0.0,11.16
359,17.0,0.0,11.24
360,17.0,0.0,11.37
361,12.0,0.0,11.43
362,13.0,0.0,11.49
363,11.0,0.0,11.6
364,14.0,0.0,11.6
365,23.0,0.0,11.69
366,9.0,0.0,11.65
367,6.0,0.0,11.59
368,14.0,0.0,11.6
369,17.0,0.0,11.68
370,20.0,0.0,11.84
371,15.0,0.0,11.98
372,5.0,0.0,11.88
373,9.0,0.0,11.84
374,8.0,0.0,11.83
375,16.0,0.0,11.87
376,13.0,0.0,11.9
377,15.0,0.0,11.92
378,9.0,0.0,11.87
379,19.0,0.0,11.93
380,22.0,0.0,12.04
381,14.0,0.0,12.12
382,13.0,0.0,12.21
383,17.0,0.0,12.38
384,17.0,0.0,12.42
385,7.0,0.0,12.3
386,19.0,0.0,12.38
387,20.0,0.0,12.43
388,7.0,0.0,12.46
389,18.0,0.0,12.53
390,15.0,0.0,12.56
391,17.0,0.0,12.61
392,19.0,0.0,12.69
393,5.0,0.0,12.74
394,15.0,0.0,12.84
395,14.0,0.0,12.85
396,9.0,0.0,12.75
397,7.0,0.0,12.73
398,11.0,0.0,12.82
399,13.0,0.0,12.77
400,12.0,0.0,12.84
401,19.0,0.0,12.88
402,14.0,0.0,12.98
403,10.0,0.0,12.9
404,13.0,0.0,12.96
405,13.0,0.0,13.0
406,22.0,0.0,13.1
407,16.0,0.0,13.17
408,12.0,0.0,13.16
409,18.0,0.0,13.15
410,17.0,0.0,13.17
411,17.0,0.0,13.15
412,12.0,0.0,13.11
413,17.0,0.0,13.18
414,17.0,0.0,13.2
415,21.0,0.0,13.19
416,18.0,0.0,13.19
417,25.0,0.0,13.3
418,13.0,0.0,13.22
419,19.0,0.0,13.26
420,20.0,0.0,13.26
421,18.0,0.0,13.27
422,22.0,0.0,13.41
423,5.0,0.0,13.28
424,11.0,0.0,13.38
425,9.0,0.0,13.35
426,7.0,0.0,13.35
427,14.0,0.0,13.38
428,21.0,0.0,13.52
429,4.0,0.0,13.52
430,17.0,0.0,13.63
431,16.0,0.0,13.62
432,14.0,0.0,13.65
433,12.0,0.0,13.67
434,19.0,0.0,13.71
435,15.0,0.0,13.76
436,11.0,0.0,13.74
437,16.0,0.0,13.75
438,17.0,0.0,13.81
439,26.0,0.0,14.03
440,20.0,0.0,14.09
441,8.0,0.0,14.01
442,23.0,0.0,14.11
443,13.0,0.0,14.11
444,12.0,0.0,14.13
445,17.0,0.0,14.25
446,17.0,0.0,14.29
447,11.0,0.0,14.38
448,5.0,0.0,14.38
449,18.0,0.0,14.48
450,16.0,0.0,14.51
451,13.0,0.0,14.5
452,16.0,0.0,14.47
453,18.0,0.0,14.5
454,12.0,0.0,14.5
455,17.0,0.0,14.52
456,19.0,0.0,14.62
457,19.0,0.0,14.66
458,4.0,0.0,14.58
459,16.0,0.0,14.57
460,15.0,0.0,14.55
461,17.0,0.0,14.6
462,15.0,0.0,14.62
463,18.0,0.0,14.69
464,10.0,0.0,14.65
465,19.0,0.0,14.61
466,14.0,0.0,14.66
467,13.0,0.0,14.73
468,16.0,0.0,14.75
469,16.0,0.0,14.74
470,10.0,0.0,14.64
471,20.0,0.0,14.69
472,15.0,0.0,14.79
473,0.0,0.0,14.7
474,15.0,0.0,14.77
475,15.0,0.0,14.76
476,21.0,0.0,14.84
477,18.0,0.0,14.87
478,14.0,0.0,14.92
479,19.0,0.0,14.92
480,11.0,0.0,14.81
481,17.0,0.0,14.84
482,14.0,0.0,14.85
483,19.0,0.0,14.87
484,9.0,0.0,14.79
485,17.0,0.0,14.89
486,14.0,0.0,14.84
487,14.0,0.0,14.78
488,5.0,0.0,14.76
489,15.0,0.0,14.73
490,18.0,0.0,14.76
491,18.0,0.0,14.77
492,16.0,0.0,14.74
493,16.0,0.0,14.85
494,12.0,0.0,14.82
495,5.0,0.0,14.73
496,16.0,0.0,14.8
497,22.0,0.0,14.95
498,15.0,0.0,14.99
499,7.0,0.0,14.93
500,15.0,0.0,14.96
501,18.0,0.0,14.95
502,19.0,0.0,15.0
503,18.0,0.0,15.08
504,19.0,0.0,15.14
505,8.0,0.0,15.09
506,0.0,0.0,14.87
507,14.0,0.0,14.85
508,13.0,0.0,14.86
509,20.0,0.0,14.88
510,24.0,0.0,14.95
511,15.0,0.0,14.93
512,19.0,0.0,15.0
513,18.0,0.0,15.01
514,11.0,0.0,14.95
515,20.0,0.0,14.94
516,18.0,0.0,14.94
517,15.0,0.0,14.84
518,17.0,0.0,14.88
519,17.0,0.0,14.86
520,17.0,0.0,14.83
521,19.0,0.0,14.84
522,10.0,0.0,14.72
523,15.0,0.0,14.82
524,8.0,0.0,14.79
525,18.0,0.0,14.88
526,19.0,0.0,15.0
527,20.0,0.0,15.06
528,14.0,0.0,14.99
529,9.0,0.0,15.04
530,12.0,0.0,14.99
531,13.0,0.0,14.96
532,15.0,0.0,14.97
533,21.0,0.0,15.06
534,18.0,0.0,15.05
535,18.0,0.0,15.08
536,17.0,0.0,15.14
537,16.0,0.0,15.14
538,19.0,0.0,15.16
539,13.0,0.0,15.03
540,19.0,0.0,15.02
541,20.0,0.0,15.14
542,16.0,0.0,15.07
543,20.0,0.0,15.14
544,21.0,0.0,15.23
545,23.0,0.0,15.29
546,11.0,0.0,15.23
547,20.0,0.0,15.32
548,16.0,0.0,15.43
549,17.0,0.0,15.42
550,18.0,0.0,15.44
551,17.0,0.0,15.48
552,13.0,0.0,15.45
553,16.0,0.0,15.43
554,13.0,0.0,15.44
555,20.0,0.0,15.47
556,15.0,0.0,15.43
557,22.0,0.0,15.46
558,16.0,0.0,15.58
559,11.0,0.0,15.53
560,11.0,0.0,15.49
561,16.0,0.0,15.48
562,24.0,0.0,15.57
563,23.0,0.0,15.62
564,22.0,0.0,15.74
565,18.0,0.0,15.73
566,7.0,0.0,15.66
567,19.0,0.0,15.72
568,15.0,0.0,15.71
569,21.0,0.0,15.76
570,19.0,0.0,15.85
571,3.0,0.0,15.68
572,7.0,0.0,15.6
573,18.0,0.0,15.78
574,20.0,0.0,15.83
575,17.0,0.0,15.85
576,21.0,0.0,15.85
577,16.0,0.0,15.83
578,14.0,0.0,15.83
579,20.0,0.0,15.84
580,17.0,0.0,15.9
581,19.0,0.0,15.92
582,13.0,0.0,15.91
583,19.0,0.0,15.91
584,17.0,0.0,15.99
585,13.0,0.0,15.95
586,16.0,0.0,15.97
587,16.0,0.0,15.99
588,20.0,0.0,16.14
589,15.0,0.0,16.14
590,19.0,0.0,16.15
591,17.0,0.0,16.14
592,22.0,0.0,16.2
593,17.0,0.0,16.21
594,20.0,0.0,16.29
595,17.0,0.0,16.41
596,15.0,0.0,16.4
597,17.0,0.0,16.35
598,16.0,0.0,16.36
599,22.0,0.0,16.51
600,15.0,0.0,16.51
601,16.0,0.0,16.49
602,11.0,0.0,16.41
603,16.0,0.0,16.39
604,18.0,0.0,16.38
605,20.0,0.0,16.5
606,17.0,0.0,16.67
607,18.0,0.0,16.71
608,19.0,0.0,16.77
609,15.0,0.0,16.72
610,25.0,0.0,16.73
611,10.0,0.0,16.68
612,10.0,0.0,16.59
613,8.0,0.0,16.49
614,10.0,0.0,16.48
615,24.0,0.0,16.52
616,19.0,0.0,16.53
617,21.0,0.0,16.59
618,7.0,0.0,16.49
619,17.0,0.0,16.49
620,20.0,0.0,16.52
621,18.0,0.0,16.51
622,16.0,0.0,16.57
623,19.0,0.0,16.61
624,13.0,0.0,16.66
625,13.0,0.0,16.61
626,23.0,0.0,16.65
627,20.0,0.0,16.65
628,24.0,0.0,16.75
629,16.0,0.0,16.82
630,16.0,0.0,16.86
631,15.0,0.0,16.88
632,21.0,0.0,16.94
633,18.0,0.0,16.91
634,3.0,0.0,16.76
635,19.0,0.0,16.77
636,21.0,0.0,16.81
637,6.0,0.0,16.71
638,16.0,0.0,16.68
639,17.0,0.0,16.72
640,16.0,0.0,16.69
641,14.0,0.0,16.63
642,17.0,0.0,16.64
643,14.0,0.0,16.58
644,16.0,0.0,16.53
645,16.0,0.0,16.46
646,19.0,0.0,16.54
647,19.0,0.0,16.53
648,17.0,0.0,16.54
649,11.0,0.0,16.48
650,25.0,0.0,16.55
651,17.0,0.0,16.55
652,15.0,0.0,16.57
653,22.0,0.0,16.63
654,23.0,0.0,16.73
655,14.0,0.0,16.67
656,9.0,0.0,16.61
657,18.0,0.0,16.57
658,18.0,0.0,16.59
659,12.0,0.0,16.6
660,17.0,0.0,16.66
661,13.0,0.0,16.63
662,18.0,0.0,16.57
663,16.0,0.0,16.5
664,15.0,0.0,16.43
665,15.0,0.0,16.4
666,12.0,0.0,16.45
667,13.0,0.0,16.39
668,17.0,0.0,16.41
669,14.0,0.0,16.34
670,10.0,0.0,16.25
671,9.0,0.0,16.31
672,14.0,0.0,16.38
673,15.0,0.0,16.35
674,7.0,0.0,16.22
675,5.0,0.0,16.1
676,19.0,0.0,16.08
677,20.0,0.0,16.12
678,19.0,0.0,16.17
679,25.0,0.0,16.22
680,18.0,0.0,16.23
681,20.0,0.0,16.24
682,14.0,0.0,16.25
683,23.0,0.0,16.29
684,20.0,0.0,16.32
685,15.0,0.0,16.34
686,7.0,0.0,16.25
687,19.0,0.0,16.28
688,11.0,0.0,16.19
689,12.0,0.0,16.16
690,13.0,0.0,16.1
691,13.0,0.0,16.06
692,16.0,0.0,16.0
693,15.0,0.0,15.98
694,11.0,0.0,15.89
695,19.0,0.0,15.91
696,6.0,0.0,15.82
697,18.0,0.0,15.83
698,16.0,0.0,15.83
699,14.0,0.0,15.75
700,17.0,0.0,15.77
701,13.0,0.0,15.74
702,23.0,0.0,15.86
703,19.0,0.0,15.89
704,18.0,0.0,15.89
705,20.0,0.0,15.89
706,13.0,0.0,15.85
707,22.0,0.0,15.89
708,20.0,0.0,15.9
709,9.0,0.0,15.84
710,19.0,0.0,15.78
711,25.0,0.0,15.93
712,10.0,0.0,15.93
713,16.0,0.0,16.01
714,16.0,0.0,16.07
715,3.0,0.0,15.86
716,19.0,0.0,15.86
717,11.0,0.0,15.76
718,18.0,0.0,15.87
719,13.0,0.0,15.83
720,15.0,0.0,15.78
721,6.0,0.0,15.66
722,18.0,0.0,15.68
723,19.0,0.0,15.68
724,13.0,0.0,15.68
725,15.0,0.0,15.7
726,12.0,0.0,15.59
727,20.0,0.0,15.59
728,7.0,0.0,15.42
729,25.0,0.0,15.51
730,18.0,0.0,15.53
731,15.0,0.0,15.53
732,15.0,0.0,15.47
733,15.0,0.0,15.44
734,19.0,0.0,15.6
735,17.0,0.0,15.58
736,21.0,0.0,15.58
737,18.0,0.0,15.7
738,13.0,0.0,15.67
739,12.0,0.0,15.62
740,14.0,0.0,15.6
741,0.0,0.0,15.46
742,14.0,0.0,15.43
743,11.0,0.0,15.4
744,16.0,0.0,15.4
745,17.0,0.0,15.41
746,20.0,0.0,15.42
747,17.0,0.0,15.4
748,16.0,0.0,15.39
749,13.0,0.0,15.41
750,18.0,0.0,15.34
751,22.0,0.0,15.39
752,16.0,0.0,15.4
753,7.0,0.0,15.25
754,15.0,0.0,15.17
755,15.0,0.0,15.18
756,17.0,0.0,15.26
757,20.0,0.0,15.28
758,16.0,0.0,15.26
759,20.0,0.0,15.34
760,20.0,0.0,15.37
761,16.0,0.0,15.4
762,17.0,0.0,15.39
763,21.0,0.0,15.44
764,21.0,0.0,15.5
765,18.0,0.0,15.53
766,19.0,0.0,15.6
767,15.0,0.0,15.62
768,18.0,0.0,15.63
769,18.0,0.0,15.67
770,7.0,0.0,15.64
771,23.0,0.0,15.78
772,15.0,0.0,15.79
773,18.0,0.0,15.82
774,7.0,0.0,15.82
775,20.0,0.0,15.97
776,19.0,0.0,15.97
777,12.0,0.0,15.89
778,19.0,0.0,15.89
779,11.0,0.0,15.75
780,12.0,0.0,15.69
781,21.0,0.0,15.7
782,21.0,0.0,15.77
783,12.0,0.0,15.66
784,17.0,0.0,15.63
785,17.0,0.0,15.65
786,18.0,0.0,15.76
787,22.0,0.0,15.79
788,19.0,0.0,15.87
789,17.0,0.0,15.92
790,15.0,0.0,15.94
791,17.0,0.0,15.98
792,21.0,0.0,16.03
793,25.0,0.0,16.13
794,15.0,0.0,16.17
795,17.0,0.0,16.15
796,16.0,0.0,16.25
797,20.0,0.0,16.27
798,18.0,0.0,16.29
799,12.0,0.0,16.27
800,11.0,0.0,16.21
801,13.0,0.0,16.21
802,17.0,0.0,16.15
803,5.0,0.0,16.01
804,17.0,0.0,16.0
805,17.0,0.0,15.97
806,18.0,0.0,16.02
807,12.0,0.0,15.92
808,17.0,0.0,15.89
809,20.0,0.0,16.0
810,21.0,0.0,16.02
811,18.0,0.0,15.95
812,16.0,0.0,16.01
813,21.0,0.0,16.06
814,20.0,0.0,16.1
815,20.0,0.0,16.27
816,14.0,0.0,16.22
817,13.0,0.0,16.24
818,15.0,0.0,16.21
819,20.0,0.0,16.28
820,25.0,0.0,16.38
821,20.0,0.0,16.52
822,16.0,0.0,16.5
823,15.0,0.0,16.46
824,25.0,0.0,16.58
825,15.0,0.0,16.58
826,13.0,0.0,16.59
827,17.0,0.0,16.56
828,12.0,0.0,16.61
829,19.0,0.0,16.55
830,4.0,0.0,16.41
831,15.0,0.0,16.41
832,19.0,0.0,16.45
833,10.0,0.0,16.4
834,16.0,0.0,16.37
835,15.0,0.0,16.35
836,21.0,0.0,16.35
837,17.0,0.0,16.34
838,18.0,0.0,16.39
839,11.0,0.0,16.38
840,23.0,0.0,16.47
841,18.0,0.0,16.65
842,17.0,0.0,16.68
843,17.0,0.0,16.74
844,23.0,0.0,16.81
845,16.0,0.0,16.8
846,14.0,0.0,16.74
847,18.0,0.0,16.75
848,15.0,0.0,16.74
849,11.0,0.0,16.72
850,11.0,0.0,16.65
851,12.0,0.0,16.55
852,19.0,0.0,16.58
853,18.0,0.0,16.69
854,11.0,0.0,16.65
855,22.0,0.0,16.72
856,16.0,0.0,16.71
857,22.0,0.0,16.73
858,19.0,0.0,16.76
859,18.0,0.0,16.74
860,19.0,0.0,16.73
861,12.0,0.0,16.69
862,16.0,0.0,16.68
863,21.0,0.0,16.68
864,14.0,0.0,16.61
865,17.0,0.0,16.6
866,15.0,0.0,16.56
867,21.0,0.0,16.62
868,21.0,0.0,16.65
869,16.0,0.0,16.63
870,2.0,0.0,16.58
871,22.0,0.0,16.57
872,22.0,0.0,16.64
873,10.0,0.0,16.56
874,10.0,0.0,16.59
875,19.0,0.0,16.58
876,18.0,0.0,16.57
877,11.0,0.0,16.56
878,15.0,0.0,16.52
879,15.0,0.0,16.56
880,19.0,0.0,16.63
881,18.0,0.0,16.6
882,22.0,0.0,16.61
883,19.0,0.0,16.68
884,19.0,0.0,16.7
885,20.0,0.0,16.73
886,22.0,0.0,16.77
887,15.0,0.0,16.7
888,19.0,0.0,16.7
889,18.0,0.0,16.71
890,26.0,0.0,16.82
891,13.0,0.0,16.78
892,19.0,0.0,16.76
893,18.0,0.0,16.69
894,12.0,0.0,16.66
895,17.0,0.0,16.66
896,21.0,0.0,16.71
897,18.0,0.0,16.69
898,16.0,0.0,16.67
899,12.0,0.0,16.67
900,17.0,0.0,16.73
901,16.0,0.0,16.76
902,17.0,0.0,16.76
903,10.0,0.0,16.81
904,7.0,0.0,16.71
905,9.0,0.0,16.63
906,2.0,0.0,16.47
907,17.0,0.0,16.52
908,19.0,0.0,16.54
909,20.0,0.0,16.54
910,19.0,0.0,16.52
911,19.0,0.0,16.53
912,13.0,0.0,16.5
913,19.0,0.0,16.48
914,14.0,0.0,16.42
915,13.0,0.0,16.35
916,13.0,0.0,16.34
917,16.0,0.0,16.37
918,22.0,0.0,16.44
919,16.0,0.0,16.4
920,13.0,0.0,16.28
921,15.0,0.0,16.23
922,15.0,0.0,16.22
923,14.0,0.0,16.21
924,12.0,0.0,16.08
925,19.0,0.0,16.12
926,16.0,0.0,16.15
927,20.0,0.0,16.18
928,19.0,0.0,16.25
929,23.0,0.0,16.29
930,17.0,0.0,16.42
931,18.0,0.0,16.45
932,18.0,0.0,16.44
933,10.0,0.0,16.44
934,13.0,0.0,16.41
935,19.0,0.0,16.45
936,20.0,0.0,16.44
937,11.0,0.0,16.38
938,13.0,0.0,16.33
939,18.0,0.0,16.4
940,14.0,0.0,16.31
941,16.0,0.0,16.29
942,13.0,0.0,16.25
943,15.0,0.0,16.23
944,7.0,0.0,16.07
945,20.0,0.0,16.11
946,6.0,0.0,16.03
947,16.0,0.0,16.01
948,19.0,0.0,16.05
949,23.0,0.0,16.17
950,21.0,0.0,16.27
951,18.0,0.0,16.33
952,20.0,0.0,16.34
953,14.0,0.0,16.3
954,15.0,0.0,16.34
955,13.0,0.0,16.25
956,17.0,0.0,16.26
957,15.0,0.0,16.19
958,19.0,0.0,16.19
959,17.0,0.0,16.18
960,18.0,0.0,16.17
961,21.0,0.0,16.26
962,20.0,0.0,16.3
963,18.0,0.0,16.27
964,19.0,0.0,16.32
965,19.0,0.0,16.34
966,14.0,0.0,16.33
967,15.0,0.0,16.27
968,11.0,0.0,16.17
969,21.0,0.0,16.22
970,24.0,0.0,16.44
971,18.0,0.0,16.4
972,12.0,0.0,16.3
973,18.0,0.0,16.38
974,18.0,0.0,16.46
975,22.0,0.0,16.49
976,14.0,0.0,16.45
977,16.0,0.0,16.5
978,13.0,0.0,16.48
979,16.0,0.0,16.49
980,20.0,0.0,16.5
981,21.0,0.0,16.53
982,20.0,0.0,16.51
983,13.0,0.0,16.45
984,16.0,0.0,16.42
985,17.0,0.0,16.39
986,15.0,0.0,16.32
987,23.0,0.0,16.4
988,18.0,0.0,16.39
989,16.0,0.0,16.37
990,15.0,0.0,16.26
991,17.0,0.0,16.3
992,18.0,0.0,16.29
993,18.0,0.0,16.29
994,14.0,0.0,16.31
995,16.0,0.0,16.3
996,21.0,0.0,16.3
997,23.0,0.0,16.35
998,19.0,0.0,16.38
999,15.0,0.0,16.41
1000,16.0,0.0,16.4
1001,21.0,0.0,16.45
1002,19.0,0.0,16.47
1003,17.0,0.0,16.54
1004,11.0,0.0,16.58
1005,15.0,0.0,16.64
1006,13.0,0.0,16.75
1007,24.0,0.0,16.82
1008,20.0,0.0,16.83
1009,11.0,0.0,16.74
1010,9.0,0.0,16.64
1011,21.0,0.0,16.66
1012,11.0,0.0,16.64
1013,20.0,0.0,16.65
1014,25.0,0.0,16.76
1015,19.0,0.0,16.82
1016,20.0,0.0,16.89
1017,18.0,0.0,16.91
1018,16.0,0.0,16.85
1019,19.0,0.0,16.88
1020,16.0,0.0,16.91
1021,13.0,0.0,16.89
1022,20.0,0.0,16.94
1023,16.0,0.0,16.96
1024,18.0,0.0,17.02
1025,17.0,0.0,17.0
1026,15.0,0.0,16.99
1027,17.0,0.0,16.96
1028,24.0,0.0,17.01
1029,15.0,0.0,16.93
1030,14.0,0.0,16.9
1031,12.0,0.0,16.84
1032,23.0,0.0,16.89
1033,13.0,0.0,16.92
1034,14.0,0.0,16.93
1035,19.0,0.0,16.93
1036,19.0,0.0,16.92
1037,21.0,0.0,17.02
1038,13.0,0.0,17.02
1039,12.0,0.0,16.96
1040,16.0,0.0,16.98
1041,17.0,0.0,16.99
1042,14.0,0.0,17.0
1043,15.0,0.0,17.0
1044,18.0,0.0,17.11
1045,19.0,0.0,17.1
1046,27.0,0.0,17.31
1047,20.0,0.0,17.35
1048,16.0,0.0,17.32
1049,15.0,0.0,17.24
1050,15.0,0.0,17.18
1051,24.0,0.0,17.24
1052,15.0,0.0,17.19
1053,20.0,0.0,17.25
1054,12.0,0.0,17.22
1055,19.0,0.0,17.28
1056,20.0,0.0,17.31
1057,20.0,0.0,17.36
1058,15.0,0.0,17.32
1059,19.0,0.0,17.34
1060,15.0,0.0,17.31
1061,18.0,0.0,17.28
1062,19.0,0.0,17.27
1063,18.0,0.0,17.27
1064,10.0,0.0,17.18
1065,16.0,0.0,17.15
1066,13.0,0.0,17.14
1067,17.0,0.0,17.16
1068,17.0,0.0,17.22
1069,15.0,0.0,17.16
1070,14.0,0.0,17.06
1071,14.0,0.0,17.02
1072,2.0,0.0,16.92
1073,18.0,0.0,16.92
1074,21.0,0.0,16.95
1075,16.0,0.0,16.89
1076,23.0,0.0,16.98
1077,15.0,0.0,16.97
1078,19.0,0.0,17.03
1079,16.0,0.0,17.03
1080,22.0,0.0,17.05
1081,19.0,0.0,17.03
1082,21.0,0.0,17.04
1083,20.0,0.0,17.11
1084,23.0,0.0,17.18
1085,18.0,0.0,17.19
1086,19.0,0.0,17.23
1087,16.0,0.0,17.16
1088,17.0,0.0,17.15
1089,19.0,0.0,17.18
1090,12.0,0.0,17.15
1091,16.0,0.0,17.14
1092,17.0,0.0,17.13
1093,7.0,0.0,17.02
1094,16.0,0.0,17.04
1095,19.0,0.0,17.07
1096,9.0,0.0,16.95
1097,20.0,0.0,16.92
1098,22.0,0.0,16.95
1099,12.0,0.0,16.92
1100,16.0,0.0,16.92
1101,21.0,0.0,16.92
1102,13.0,0.0,16.86
1103,16.0,0.0,16.85
1104,19.0,0.0,16.93
1105,19.0,0.0,16.97
1106,13.0,0.0,16.97
1107,22.0,0.0,16.95
1108,16.0,0.0,16.91
1109,12.0,0.0,16.92
1110,18.0,0.0,17.01
1111,9.0,0.0,16.89
1112,20.0,0.0,16.98
1113,18.0,0.0,16.96
1114,17.0,0.0,16.88
1115,15.0,0.0,16.84
1116,19.0,0.0,16.83
1117,18.0,0.0,16.83
1118,15.0,0.0,16.82
1119,16.0,0.0,16.79
1120,23.0,0.0,16.86
1121,16.0,0.0,16.89
1122,18.0,0.0,16.87
1123,20.0,0.0,16.91
1124,14.0,0.0,16.87
1125,20.0,0.0,16.9
1126,15.0,0.0,16.9
1127,22.0,0.0,16.95
1128,17.0,0.0,16.88
1129,16.0,0.0,16.89
1130,20.0,0.0,16.95
1131,12.0,0.0,16.95
1132,15.0,0.0,16.87
1133,16.0,0.0,16.9
1134,19.0,0.0,16.95
1135,15.0,0.0,16.91
1136,16.0,0.0,16.88
1137,12.0,0.0,16.79
1138,9.0,0.0,16.75
1139,14.0,0.0,16.77
1140,22.0,0.0,16.83
1141,26.0,0.0,16.92
1142,17.0,0.0,16.95
1143,18.0,0.0,16.98
1144,13.0,0.0,16.93
1145,15.0,0.0,16.89
1146,11.0,0.0,16.73
1147,16.0,0.0,16.69
1148,15.0,0.0,16.68
1149,8.0,0.0,16.61
1150,22.0,0.0,16.68
1151,18.0,0.0,16.62
1152,16.0,0.0,16.63
1153,11.0,0.0,16.54
1154,20.0,0.0,16.62
1155,15.0,0.0,16.58
1156,13.0,0.0,16.51
1157,20.0,0.0,16.51
1158,14.0,0.0,16.5
1159,14.0,0.0,16.45
1160,19.0,0.0,16.49
1161,20.0,0.0,16.51
1162,18.0,0.0,16.5
1163,19.0,0.0,16.51
1164,17.0,0.0,16.58
1165,17.0,0.0,16.59
1166,7.0,0.0,16.53
1167,23.0,0.0,16.59
1168,21.0,0.0,16.63
1169,18.0,0.0,16.66
1170,17.0,0.0,16.69
1171,14.0,0.0,16.69
1172,14.0,0.0,16.81
1173,15.0,0.0,16.78
1174,17.0,0.0,16.74
1175,13.0,0.0,16.71
1176,17.0,0.0,16.65
1177,7.0,0.0,16.57
1178,11.0,0.0,16.49
1179,15.0,0.0,16.48
1180,19.0,0.0,16.45
1181,9.0,0.0,16.35
1182,17.0,0.0,16.31
1183,15.0,0.0,16.26
1184,20.0,0.0,16.23
1185,16.0,0.0,16.21
1186,19.0,0.0,16.21
1187,15.0,0.0,16.2
1188,18.0,0.0,16.21
1189,13.0,0.0,16.15
1190,17.0,0.0,16.2
1191,26.0,0.0,16.3
1192,18.0,0.0,16.31
1193,16.0,0.0,16.4
1194,18.0,0.0,16.42
1195,13.0,0.0,16.36
1196,10.0,0.0,16.37
1197,18.0,0.0,16.35
1198,24.0,0.0,16.37
1199,20.0,0.0,16.45
1200,15.0,0.0,16.44
1201,18.0,0.0,16.41
1202,19.0,0.0,16.47
1203,11.0,0.0,16.42
1204,8.0,0.0,16.31
1205,16.0,0.0,16.28
1206,19.0,0.0,16.34
1207,17.0,0.0,16.29
1208,13.0,0.0,16.26
1209,14.0,0.0,16.28
1210,20.0,0.0,16.3
1211,17.0,0.0,16.38
1212,8.0,0.0,16.26
1213,17.0,0.0,16.25
1214,14.0,0.0,16.22
1215,16.0,0.0,16.23
1216,13.0,0.0,16.17
1217,19.0,0.0,16.18
1218,19.0,0.0,16.22
1219,10.0,0.0,16.16
1220,20.0,0.0,16.13
1221,14.0,0.0,16.11
1222,17.0,0.0,16.1
1223,16.0,0.0,16.06
1224,15.0,0.0,16.07
1225,22.0,0.0,16.09
1226,17.0,0.0,16.11
1227,16.0,0.0,16.05
1228,12.0,0.0,16.0
1229,20.0,0.0,16.04
1230,13.0,0.0,15.97
1231,27.0,0.0,16.12
1232,21.0,0.0,16.18
1233,19.0,0.0,16.21
1234,23.0,0.0,16.25
1235,14.0,0.0,16.24
1236,18.0,0.0,16.26
1237,16.0,0.0,16.3
1238,20.0,0.0,16.41
1239,15.0,0.0,16.42
1240,15.0,0.0,16.35
1241,21.0,0.0,16.3
1242,21.0,0.0,16.34
1243,12.0,0.0,16.28
1244,14.0,0.0,16.29
1245,23.0,0.0,16.37
1246,16.0,0.0,16.42
1247,21.0,0.0,16.47
1248,14.0,0.0,16.46
1249,2.0,0.0,16.4
1250,18.0,0.0,16.36
1251,11.0,0.0,16.29
1252,10.0,0.0,16.23
1253,15.0,0.0,16.27
1254,22.0,0.0,16.29
1255,22.0,0.0,16.36
1256,14.0,0.0,16.37
1257,15.0,0.0,16.32
1258,21.0,0.0,16.39
1259,23.0,0.0,16.48
1260,18.0,0.0,16.47
1261,12.0,0.0,16.39
1262,12.0,0.0,16.33
1263,21.0,0.0,16.35
1264,1.0,0.0,16.19
1265,13.0,0.0,16.15
1266,14.0,0.0,16.22
1267,20.0,0.0,16.19
1268,27.0,0.0,16.25
1269,11.0,0.0,16.18
1270,27.0,0.0,16.28
1271,16.0,0.0,16.3
1272,21.0,0.0,16.37
1273,24.0,0.0,16.46
1274,16.0,0.0,16.45
1275,7.0,0.0,16.39
1276,24.0,0.0,16.46
1277,15.0,0.0,16.54
1278,16.0,0.0,16.59
1279,8.0,0.0,16.52
1280,19.0,0.0,16.52
1281,20.0,0.0,16.63
1282,2.0,0.0,16.48
1283,15.0,0.0,16.48
1284,17.0,0.0,16.45
1285,14.0,0.0,16.43
1286,22.0,0.0,16.46
1287,9.0,0.0,16.4
1288,18.0,0.0,16.4
1289,15.0,0.0,16.42
1290,17.0,0.0,16.42
1291,16.0,0.0,16.32
1292,21.0,0.0,16.35
1293,16.0,0.0,16.35
1294,19.0,0.0,16.36
1295,16.0,0.0,16.39
1296,17.0,0.0,16.46
1297,19.0,0.0,16.47
1298,16.0,0.0,16.39
1299,13.0,0.0,16.32
1300,13.0,0.0,16.3
1301,17.0,0.0,16.29
1302,14.0,0.0,16.24
1303,18.0,0.0,16.31
1304,19.0,0.0,16.42
1305,15.0,0.0,16.41
1306,11.0,0.0,16.33
1307,18.0,0.0,16.34
1308,9.0,0.0,16.3
1309,5.0,0.0,16.21
1310,14.0,0.0,16.15
1311,16.0,0.0,16.14
1312,13.0,0.0,16.19
1313,11.0,0.0,16.13
1314,14.0,0.0,16.13
1315,16.0,0.0,16.13
1316,18.0,0.0,16.18
1317,20.0,0.0,16.19
1318,13.0,0.0,16.13
1319,15.0,0.0,16.18
1320,13.0,0.0,16.11
1321,15.0,0.0,16.12
1322,17.0,0.0,16.12
1323,16.0,0.0,16.12
1324,21.0,0.0,16.18
1325,17.0,0.0,16.13
1326,17.0,0.0,16.13
1327,17.0,0.0,16.14
1328,19.0,0.0,16.21
1329,18.0,0.0,16.19
1330,20.0,0.0,16.26
1331,20.0,0.0,16.19
1332,16.0,0.0,16.14
1333,6.0,0.0,16.01
1334,19.0,0.0,15.97
1335,18.0,0.0,16.01
1336,20.0,0.0,16.03
1337,18.0,0.0,16.05
1338,22.0,0.0,16.07
1339,13.0,0.0,16.05
1340,16.0,0.0,16.06
1341,16.0,0.0,16.01
1342,21.0,0.0,16.01
1343,8.0,0.0,15.97
1344,17.0,0.0,16.0
1345,12.0,0.0,15.89
1346,20.0,0.0,15.93
1347,19.0,0.0,15.91
1348,20.0,0.0,15.97
1349,14.0,0.0,16.09
1350,9.0,0.0,16.0
1351,12.0,0.0,16.01
1352,8.0,0.0,15.99
1353,9.0,0.0,15.93
1354,16.0,0.0,15.87
1355,17.0,0.0,15.82
1356,12.0,0.0,15.8
1357,22.0,0.0,15.87
1358,19.0,0.0,15.85
1359,11.0,0.0,15.73
1360,18.0,0.0,15.73
1361,17.0,0.0,15.78
1362,16.0,0.0,15.82
1363,17.0,0.0,15.78
1364,15.0,0.0,15.92
1365,23.0,0.0,16.02
1366,17.0,0.0,16.05
1367,24.0,0.0,16.09
1368,11.0,0.0,15.93
1369,9.0,0.0,15.91
1370,24.0,0.0,15.88
1371,18.0,0.0,15.9
1372,13.0,0.0,15.82
1373,18.0,0.0,15.76
1374,15.0,0.0,15.75
1375,18.0,0.0,15.86
1376,11.0,0.0,15.73
1377,28.0,0.0,15.86
1378,17.0,0.0,15.87
1379,19.0,0.0,15.98
1380,17.0,0.0,15.96
1381,22.0,0.0,15.98
1382,19.0,0.0,16.15
1383,13.0,0.0,16.13
1384,20.0,0.0,16.16
1385,11.0,0.0,16.13
1386,20.0,0.0,16.11
1387,19.0,0.0,16.21
1388,20.0,0.0,16.23
1389,23.0,0.0,16.31
1390,14.0,0.0,16.28
1391,25.0,0.0,16.37
1392,19.0,0.0,16.35
1393,22.0,0.0,16.41
1394,22.0,0.0,16.44
1395,14.0,0.0,16.42
1396,20.0,0.0,16.45
1397,21.0,0.0,16.47
1398,18.0,0.0,16.49
1399,16.0,0.0,16.52
1400,15.0,0.0,16.54
1401,23.0,0.0,16.6
1402,13.0,0.0,16.59
1403,10.0,0.0,16.51
1404,18.0,0.0,16.5
1405,23.0,0.0,16.58
1406,19.0,0.0,16.66
1407,17.0,0.0,16.65
1408,20.0,0.0,16.76
1409,21.0,0.0,16.92
1410,16.0,0.0,16.94
1411,26.0,0.0,17.04
1412,19.0,0.0,17.1
1413,12.0,0.0,17.11
1414,15.0,0.0,17.12
1415,11.0,0.0,17.07
1416,16.0,0.0,17.05
1417,15.0,0.0,17.0
1418,16.0,0.0,17.03
1419,8.0,0.0,16.96
1420,17.0,0.0,17.0
1421,18.0,0.0,17.03
1422,14.0,0.0,17.0
1423,18.0,0.0,17.02
1424,17.0,0.0,16.98
1425,8.0,0.0,16.89
1426,16.0,0.0,16.88
1427,22.0,0.0,16.93
1428,18.0,0.0,16.92
1429,13.0,0.0,16.87
1430,18.0,0.0,16.85
1431,20.0,0.0,16.85
1432,21.0,0.0,16.9
1433,8.0,0.0,16.92
1434,17.0,0.0,16.9
1435,16.0,0.0,16.88
1436,23.0,0.0,16.91
1437,17.0,0.0,16.9
1438,12.0,0.0,16.8
1439,22.0,0.0,16.89
1440,19.0,0.0,16.92
1441,14.0,0.0,16.9
1442,15.0,0.0,16.84
1443,21.0,0.0,16.97
1444,20.0,0.0,17.0
1445,17.0,0.0,17.05
1446,22.0,0.0,17.07
1447,5.0,0.0,16.93
1448,16.0,0.0,16.89
1449,16.0,0.0,16.91
1450,15.0,0.0,16.97
1451,19.0,0.0,17.04
1452,16.0,0.0,17.12
1453,17.0,0.0,17.2
1454,16.0,0.0,17.2
1455,18.0,0.0,17.21
1456,15.0,0.0,17.24
1457,16.0,0.0,17.18
1458,20.0,0.0,17.19
1459,13.0,0.0,17.21
1460,16.0,0.0,17.19
1461,15.0,0.0,17.17
1462,18.0,0.0,17.19
1463,14.0,0.0,17.16
1464,16.0,0.0,17.17
1465,15.0,0.0,17.09
1466,21.0,0.0,17.13
1467,16.0,0.0,17.05
1468,13.0,0.0,17.07
1469,22.0,0.0,17.2
1470,17.0,0.0,17.13
1471,13.0,0.0,17.08
1472,20.0,0.0,17.15
1473,15.0,0.0,17.12
1474,15.0,0.0,17.12
1475,8.0,0.0,17.02
1476,14.0,0.0,17.05
1477,16.0,0.0,16.93
1478,16.0,0.0,16.92
1479,23.0,0.0,16.96
1480,17.0,0.0,16.96
1481,20.0,0.0,16.94
1482,12.0,0.0,16.87
1483,16.0,0.0,16.9
1484,21.0,0.0,16.91
1485,15.0,0.0,16.95
1486,12.0,0.0,16.87
1487,13.0,0.0,16.81
1488,13.0,0.0,16.74
1489,18.0,0.0,16.69
1490,14.0,0.0,16.69
1491,13.0,0.0,16.57
1492,5.0,0.0,16.43
1493,21.0,0.0,16.42
1494,19.0,0.0,16.39
1495,15.0,0.0,16.4
1496,19.0,0.0,16.39
1497,17.0,0.0,16.35
1498,14.0,0.0,16.31
1499,12.0,0.0,16.27
1500,17.0,0.0,16.29
1501,18.0,0.0,16.24
1502,16.0,0.0,16.27
1503,14.0,0.0,16.31
1504,18.0,0.0,16.31
1505,14.0,0.0,16.22
1506,20.0,0.0,16.23
1507,11.0,0.0,16.17
1508,18.0,0.0,16.15
1509,21.0,0.0,16.15
1510,20.0,0.0,16.19
1511,17.0,0.0,16.1
1512,12.0,0.0,16.03
1513,13.0,0.0,16.04
1514,20.0,0.0,16.09
1515,18.0,0.0,16.16
1516,15.0,0.0,16.15
1517,13.0,0.0,16.13
1518,20.0,0.0,16.17
1519,15.0,0.0,16.24
1520,12.0,0.0,16.19
1521,19.0,0.0,16.2
1522,12.0,0.0,16.18
1523,14.0,0.0,16.14
1524,18.0,0.0,16.15
1525,14.0,0.0,16.21
1526,18.0,0.0,16.23
1527,18.0,0.0,16.19
1528,18.0,0.0,16.19
1529,18.0,0.0,16.24
1530,21.0,0.0,16.27
1531,16.0,0.0,16.23
1532,15.0,0.0,16.17
1533,21.0,0.0,16.3
1534,15.0,0.0,16.28
1535,12.0,0.0,16.24
1536,19.0,0.0,16.2
1537,14.0,0.0,16.17
1538,15.0,0.0,16.2
1539,13.0,0.0,16.11
1540,16.0,0.0,16.08
1541,9.0,0.0,16.03
1542,21.0,0.0,16.09
1543,17.0,0.0,16.05
1544,16.0,0.0,16.01
1545,18.0,0.0,16.02
1546,15.0,0.0,15.95
1547,21.0,0.0,16.11
1548,18.0,0.0,16.13
1549,20.0,0.0,16.17
1550,19.0,0.0,16.21
1551,16.0,0.0,16.18
1552,17.0,0.0,16.19
1553,13.0,0.0,16.15
1554,19.0,0.0,16.18
1555,19.0,0.0,16.19
1556,17.0,0.0,16.21
1557,15.0,0.0,16.2
1558,14.0,0.0,16.14
1559,20.0,0.0,16.21
1560,12.0,0.0,16.17
1561,6.0,0.0,16.08
1562,17.0,0.0,16.07
1563,13.0,0.0,16.06
1564,17.0,0.0,16.07
1565,10.0,0.0,16.02
1566,13.0,0.0,15.94
1567,10.0,0.0,15.88
1568,19.0,0.0,15.94
1569,15.0,0.0,15.87
1570,21.0,0.0,15.91
1571,16.0,0.0,15.94
1572,16.0,0.0,15.9
1573,18.0,0.0,15.93
1574,21.0,0.0,15.99
1575,19.0,0.0,16.1
1576,10.0,0.0,16.06
1577,24.0,0.0,16.14
1578,10.0,0.0,16.08
1579,14.0,0.0,15.99
1580,12.0,0.0,15.94
1581,13.0,0.0,15.87
1582,14.0,0.0,15.89
1583,17.0,0.0,15.9
1584,12.0,0.0,15.81
1585,12.0,0.0,15.78
1586,22.0,0.0,15.88
1587,18.0,0.0,15.93
1588,18.0,0.0,15.98
1589,20.0,0.0,16.0
1590,20.0,0.0,16.06
1591,13.0,0.0,16.06
1592,18.0,0.0,16.19
1593,16.0,0.0,16.14
1594,18.0,0.0,16.13
1595,13.0,0.0,16.11
1596,22.0,0.0,16.14
1597,20.0,0.0,16.17
1598,13.0,0.0,16.16
1599,15.0,0.0,16.19
1600,18.0,0.0,16.2
1601,6.0,0.0,16.08
1602,14.0,0.0,16.06
1603,8.0,0.0,16.0
1604,19.0,0.0,16.01
1605,15.0,0.0,16.02
1606,18.0,0.0,16.0
1607,19.0,0.0,16.08
1608,16.0,0.0,16.06
1609,18.0,0.0,16.03
1610,17.0,0.0,16.0
1611,16.0,0.0,15.99
1612,14.0,0.0,16.01
1613,14.0,0.0,16.02
1614,19.0,0.0,16.01
1615,18.0,0.0,16.01
1616,19.0,0.0,16.05
1617,14.0,0.0,16.06
1618,16.0,0.0,16.02
1619,19.0,0.0,16.06
1620,10.0,0.0,16.04
1621,18.0,0.0,16.03
1622,17.0,0.0,16.08
1623,10.0,0.0,16.04
1624,21.0,0.0,16.07
1625,16.0,0.0,16.09
1626,12.0,0.0,16.03
1627,13.0,0.0,15.98
1628,12.0,0.0,15.92
1629,2.0,0.0,15.76
1630,20.0,0.0,15.75
1631,13.0,0.0,15.72
1632,13.0,0.0,15.7
1633,7.0,0.0,15.56
1634,15.0,0.0,15.56
1635,13.0,0.0,15.57
1636,15.0,0.0,15.53
1637,16.0,0.0,15.55
1638,22.0,0.0,15.62
1639,20.0,0.0,15.69
1640,17.0,0.0,15.7
1641,23.0,0.0,15.84
1642,16.0,0.0,15.79
1643,18.0,0.0,15.8
1644,18.0,0.0,15.82
1645,14.0,0.0,15.78
1646,17.0,0.0,15.8
1647,18.0,0.0,15.77
1648,13.0,0.0,15.72
1649,20.0,0.0,15.72
1650,16.0,0.0,15.69
1651,16.0,0.0,15.69
1652,13.0,0.0,15.65
1653,19.0,0.0,15.71
1654,18.0,0.0,15.7
1655,24.0,0.0,15.75
1656,13.0,0.0,15.71
1657,20.0,0.0,15.76
1658,13.0,0.0,15.75
1659,17.0,0.0,15.72
1660,19.0,0.0,15.79
1661,18.0,0.0,15.91
1662,16.0,0.0,15.9
1663,13.0,0.0,15.9
1664,19.0,0.0,15.92
1665,23.0,0.0,16.05
1666,22.0,0.0,16.14
1667,20.0,0.0,16.24
1668,16.0,0.0,16.21
1669,20.0,0.0,16.26
1670,17.0,0.0,16.22
1671,17.0,0.0,16.23
1672,21.0,0.0,16.28
1673,13.0,0.0,16.23
1674,18.0,0.0,16.2
1675,16.0,0.0,16.17
1676,10.0,0.0,16.17
1677,14.0,0.0,16.07
1678,21.0,0.0,16.18
1679,14.0,0.0,16.18
1680,16.0,0.0,16.22
1681,14.0,0.0,16.23
1682,20.0,0.0,16.29
1683,18.0,0.0,16.3
1684,12.0,0.0,16.3
1685,19.0,0.0,16.37
1686,15.0,0.0,16.3
1687,12.0,0.0,16.24
1688,22.0,0.0,16.28
1689,18.0,0.0,16.26
1690,17.0,0.0,16.23
1691,18.0,0.0,16.28
1692,16.0,0.0,16.26
1693,8.0,0.0,16.18
1694,18.0,0.0,16.18
1695,14.0,0.0,16.19
1696,26.0,0.0,16.23
1697,25.0,0.0,16.28
1698,17.0,0.0,16.32
1699,15.0,0.0,16.32
1700,25.0,0.0,16.39
1701,14.0,0.0,16.47
1702,16.0,0.0,16.49
1703,20.0,0.0,16.61
1704,18.0,0.0,16.6
1705,15.0,0.0,16.6
1706,11.0,0.0,16.53
1707,22.0,0.0,16.56
1708,4.0,0.0,16.44
1709,20.0,0.0,16.46
1710,14.0,0.0,16.43
1711,13.0,0.0,16.4
1712,16.0,0.0,16.42
1713,18.0,0.0,16.46
1714,18.0,0.0,16.45
1715,20.0,0.0,16.47
1716,16.0,0.0,16.44
1717,19.0,0.0,16.49
1718,9.0,0.0,16.42
1719,18.0,0.0,16.41
1720,24.0,0.0,16.55
1721,17.0,0.0,16.54
1722,15.0,0.0,16.52
1723,18.0,0.0,16.6
1724,8.0,0.0,16.47
1725,13.0,0.0,16.44
1726,20.0,0.0,16.52
1727,10.0,0.0,16.49
1728,13.0,0.0,16.5
1729,19.0,0.0,16.67
1730,17.0,0.0,16.64
1731,18.0,0.0,16.69
1732,11.0,0.0,16.67
1733,17.0,0.0,16.77
1734,19.0,0.0,16.81
1735,19.0,0.0,16.87
1736,19.0,0.0,16.91
1737,13.0,0.0,16.88
1738,17.0,0.0,16.83
1739,18.0,0.0,16.81
1740,12.0,0.0,16.76
1741,18.0,0.0,16.71
1742,13.0,0.0,16.68
1743,16.0,0.0,16.66
1744,15.0,0.0,16.63
1745,20.0,0.0,16.69
1746,15.0,0.0,16.67
1747,20.0,0.0,16.69
1748,25.0,0.0,16.81
1749,18.0,0.0,16.79
1750,16.0,0.0,16.79
1751,25.0,0.0,16.88
1752,20.0,0.0,16.95
1753,12.0,0.0,16.88
1754,17.0,0.0,16.87
1755,21.0,0.0,16.84
1756,18.0,0.0,16.89
1757,18.0,0.0,16.87
1758,16.0,0.0,16.9
1759,16.0,0.0,16.89
1760,11.0,0.0,16.81
1761,16.0,0.0,16.79
1762,19.0,0.0,16.82
1763,19.0,0.0,16.88
1764,17.0,0.0,16.86
1765,12.0,0.0,16.75
1766,15.0,0.0,16.68
1767,21.0,0.0,16.69
1768,23.0,0.0,16.76
1769,13.0,0.0,16.69
1770,18.0,0.0,16.7
1771,15.0,0.0,16.68
1772,20.0,0.0,16.67
1773,13.0,0.0,16.67
1774,15.0,0.0,16.64
1775,13.0,0.0,16.61
1776,20.0,0.0,16.71
1777,17.0,0.0,16.74
1778,17.0,0.0,16.7
1779,17.0,0.0,16.73
1780,13.0,0.0,16.7
1781,20.0,0.0,16.76
1782,16.0,0.0,16.72
1783,16.0,0.0,16.7
1784,16.0,0.0,16.74
1785,17.0,0.0,16.72
1786,21.0,0.0,16.78
1787,20.0,0.0,16.86
1788,18.0,0.0,16.82
1789,19.0,0.0,16.83
1790,17.0,0.0,16.83
1791,20.0,0.0,16.85
1792,20.0,0.0,16.89
1793,11.0,0.0,16.92
1794,20.0,0.0,16.94
1795,20.0,0.0,17.0
1796,18.0,0.0,16.92
1797,19.0,0.0,16.86
1798,19.0,0.0,16.88
1799,19.0,0.0,16.92
